,,,,,,,,,
,,,,,,,,,
,,,,,,,,,
,,,,,,,,,
,,,,,,,,,
anaemia,diarrhoea,encyclopaedia,burnt,dreamt,leapt,defence,offence,,
,licence,cancelled,jeweller,marvellous,appetiser,familiarise,,,
enrol,fulfil,skilful ,analogue,monologue,catalogue,colour,behaviour,mould,
metre,fibre,centre,tyre,trousers,flat,bonnet,boot,,
organise,lorry,university,holiday,jumper,chips,trainers,fizzy,drink,biscuit
,postbox,chemist,shop,football,shall,at,needn't,through,
,than,been,aluminum,anti-clockwise,cheque,film,grey,manoeuvre,
,eaten,plough,programme,sceptical,storey,towards,transport,,